symboling,wheelbase,curbweight,enginesize,boreratio,stroke,compressionratio,horsepower,peakrpm,citympg,highwaympg,price,fueltype_diesel,fueltype_gas,aspiration_std,aspiration_turbo,doornumber_four,doornumber_two,carbody_convertible,carbody_hardtop,carbody_hatchback,carbody_sedan,carbody_wagon,enginetype_dohc,enginetype_dohcv,enginetype_l,enginetype_ohc,enginetype_ohcf,enginetype_ohcv,enginetype_rotor,cylindernumber_eight,cylindernumber_five,cylindernumber_four,cylindernumber_six,cylindernumber_three,cylindernumber_twelve,cylindernumber_two,fuelsystem_1bbl,fuelsystem_2bbl,fuelsystem_4bbl,fuelsystem_idi,fuelsystem_mfi,fuelsystem_mpfi,fuelsystem_spdi,fuelsystem_spfi
1.7434704321932961,-1.6907718018201774,-0.014566282137926123,0.0744489251157203,0.5190713849456007,-1.839377336831407,-0.2883489098618655,0.17448277916253407,-0.2629602160773477,-0.6465530277621856,-0.5460587369032711,0.027391143211685648,,,,,,,,,,,,,,,,,,,,,,,,,,,,,,,,,
1.7434704321932961,-1.6907718018201774,-0.014566282137926123,0.0744489251157203,0.5190713849456007,-1.839377336831407,-0.2883489098618655,0.17448277916253407,-0.2629602160773477,-0.6465530277621856,-0.5460587369032711,0.4044610985779153,False,True,True,False,False,True,True,False,False,False,False,True,False,False,False,False,False,False,False,False,True,False,False,False,False,False,False,False,False,False,True,False,False
0.13350899705984703,-0.7085958764076113,0.5148819161377617,0.6040461684467903,-2.404880294774036,0.6859461601154123,-0.2883489098618655,1.2645364278639772,-0.2629602160773477,-0.9530116883199847,-0.6916270607851575,0.4044610985779153,False,True,True,False,False,True,True,False,False,False,False,True,False,False,False,False,False,False,False,False,True,False,False,False,False,False,False,False,False,False,True,False,False
0.9384897146265716,0.17369775150537034,-0.4207974451785447,-0.43107571624575564,-0.5172659192588284,0.4621833186137945,-0.035972825318776304,-0.05366798451916333,0.7878554622044521,-0.18686503692548712,-0.10935376525761202,0.08448493013069878,False,True,True,False,False,True,False,False,True,False,False,False,False,False,False,False,True,False,False,False,False,True,False,False,False,False,False,False,False,False,True,False,False
0.9384897146265716,0.1071095531723165,0.5168071823133096,0.21888453693328483,-0.5172659192588284,0.4621833186137945,-0.5407249944049548,0.2758831185766218,0.7878554622044521,-1.1062410185988842,-1.273900356312703,0.5236679064307999,False,True,True,False,True,False,False,False,False,True,False,False,False,False,True,False,False,False,False,False,True,False,False,False,False,False,False,False,False,False,True,False,False
0.9384897146265716,0.17369775150537034,-0.0935021953353923,0.21888453693328483,-0.5172659192588284,0.4621833186137945,-0.41453695213341013,0.14913269430901213,0.7878554622044521,-0.9530116883199847,-0.8371953846670438,0.24761003561359346,False,True,True,False,True,False,False,False,False,True,False,False,False,False,True,False,False,False,False,True,False,False,False,False,False,False,False,False,False,False,True,False,False
0.13350899705984703,1.1725207265011992,0.5553125058242687,0.21888453693328483,-0.5172659192588284,0.4621833186137945,-0.41453695213341013,0.14913269430901213,0.7878554622044521,-0.9530116883199847,-0.8371953846670438,0.5562929275273788,False,True,True,False,False,True,False,False,False,True,False,False,False,False,True,False,False,False,False,True,False,False,False,False,False,False,False,False,False,False,True,False,False
0.13350899705984703,1.1725207265011992,0.7670917851345438,0.21888453693328483,-0.5172659192588284,0.4621833186137945,-0.41453695213341013,0.14913269430901213,0.7878554622044521,-0.9530116883199847,-0.8371953846670438,0.7081247564768423,False,True,True,False,True,False,False,False,False,True,False,False,False,False,True,False,False,False,False,True,False,False,False,False,False,False,False,False,False,False,True,False,False
0.13350899705984703,1.1725207265011992,1.021226920306874,0.09852152708531438,-0.7393381987312061,0.4621833186137945,-0.4650121690420278,0.9096352399146702,0.7878554622044521,-1.2594703488777836,-1.5650370040764756,1.3298823700674138,False,True,True,False,True,False,False,False,False,False,True,False,False,False,True,False,False,False,False,True,False,False,False,False,False,False,False,False,False,False,True,False,False
-0.6714717205068775,0.12375660275557937,0.9576931365137914,0.09852152708531438,-0.7393381987312061,0.4621833186137945,-0.7931010789480439,1.4166369369851088,0.7878554622044521,-1.4126996791566833,-1.273900356312703,0.5750105295347381,False,True,False,True,True,False,False,False,False,True,False,False,False,False,True,False,False,False,False,True,False,False,False,False,False,False,False,False,False,False,True,False,False
0.9384897146265716,0.40675644567106467,-0.3091320069967633,-0.45514831821534973,0.6301075246817887,-1.4557838942572077,-0.3388241267704832,-0.07901806937268527,1.4183448691735319,-0.3400943672043866,-0.2549220891394984,0.39567743905191327,False,True,False,True,False,True,False,False,True,False,False,False,False,False,True,False,False,False,False,True,False,False,False,False,False,False,False,False,False,False,True,False,False
-0.6714717205068775,0.40675644567106467,-0.3091320069967633,-0.45514831821534973,0.6301075246817887,-1.4557838942572077,-0.3388241267704832,-0.07901806937268527,1.4183448691735319,-0.3400943672043866,-0.2549220891394984,0.45779045998578466,False,True,True,False,False,True,False,False,False,True,False,False,False,False,True,False,False,False,False,False,True,False,False,False,False,False,False,False,False,False,True,False,False
-0.6714717205068775,0.40675644567106467,0.29732683830084267,0.8929173920819194,-0.07312136031407311,-0.20910520589105608,-0.2883489098618655,0.42798362769775344,-1.8391837335000474,-0.6465530277621856,-0.4004904130213847,0.96536049973833,False,True,True,False,True,False,False,False,False,True,False,False,False,False,True,False,False,False,False,False,True,False,False,False,False,False,False,False,False,False,True,False,False
-0.6714717205068775,0.40675644567106467,0.4032164779559802,0.8929173920819194,-0.07312136031407311,-0.20910520589105608,-0.2883489098618655,0.42798362769775344,-1.8391837335000474,-0.6465530277621856,-0.4004904130213847,0.9823004145384768,False,True,True,False,False,True,False,False,False,True,False,False,False,False,True,False,False,False,False,False,False,True,False,False,False,False,False,False,False,False,True,False,False
0.13350899705984703,0.7896385860861319,0.9615436688648873,0.8929173920819194,-0.07312136031407311,-0.20910520589105608,-0.2883489098618655,0.42798362769775344,-1.8391837335000474,-0.7997823580410852,-0.8371953846670438,1.4164641568237195,False,True,True,False,True,False,False,False,False,True,False,False,False,False,True,False,False,False,False,False,False,True,False,False,False,False,False,False,False,False,True,False,False
-0.6714717205068775,0.7896385860861319,1.2984652495857796,1.9761844807136535,1.074252083626544,0.43021719839927847,-0.5407249944049548,1.9743388037625915,0.5776923265480921,-1.4126996791566833,-1.273900356312703,2.1938180248748984,False,True,True,False,True,False,False,False,False,True,False,False,False,False,True,False,False,False,False,False,False,True,False,False,False,False,False,False,False,False,True,False,False
-0.6714717205068775,0.7896385860861319,1.587255175917973,1.9761844807136535,1.074252083626544,0.43021719839927847,-0.5407249944049548,1.9743388037625915,0.5776923265480921,-1.4126996791566833,-1.273900356312703,3.5182684005456317,False,True,True,False,True,False,False,False,False,True,False,False,False,False,True,False,False,False,False,False,False,True,False,False,False,False,False,False,False,False,True,False,False
-0.6714717205068775,1.87169680899828,1.8279134478614674,1.9761844807136535,1.074252083626544,0.43021719839927847,-0.5407249944049548,1.9743388037625915,0.5776923265480921,-1.5659290094355827,-1.5650370040764756,2.961760829148218,False,True,True,False,False,True,False,False,False,True,False,False,False,False,True,False,False,False,False,False,False,True,False,False,False,False,False,False,False,False,True,False,False
0.9384897146265716,-1.724065900986703,-2.055348428218759,-1.586560610786272,-1.5536032234632557,-0.7205631293233238,-0.16216086759032092,-1.4225725666093478,-0.052797080420987755,3.3374095594892017,3.238717684025774,-1.0196210722877552,False,True,True,False,True,False,False,False,False,True,False,False,False,False,True,False,False,False,False,False,False,True,False,False,False,False,False,False,False,False,True,False,False
0.13350899705984703,-0.7085958764076113,-1.3121956844572482,-0.8884551536680434,-1.1094586645185023,-0.46483416760718993,-0.13692325913601208,-0.8648706998318653,0.5776923265480921,1.958345586979106,1.7830344452069105,-0.876070979462808,False,True,True,False,False,True,False,False,True,False,False,False,False,True,False,False,False,False,False,False,False,False,True,False,False,False,True,False,False,False,False,False,False
-0.6714717205068775,-0.7085958764076113,-1.2448113683130697,-0.8884551536680434,-1.1094586645185023,-0.46483416760718993,-0.13692325913601208,-0.8648706998318653,0.5776923265480921,1.958345586979106,1.7830344452069105,-0.8409363413587999,False,True,True,False,False,True,False,False,True,False,False,False,False,False,True,False,False,False,False,False,True,False,False,False,False,False,True,False,False,False,False,False,False
0.13350899705984703,-0.8417722730737214,-1.3083451521061522,-0.8884551536680434,-1.3315309439908782,-0.08124072503298917,-0.1848747151991989,-0.9155708695389091,0.7878554622044521,1.8051162567002066,1.4918977974431378,-0.9667936342813717,False,True,True,False,True,False,False,False,False,True,False,False,False,False,True,False,False,False,False,False,True,False,False,False,False,False,True,False,False,False,False,False,False
0.13350899705984703,-0.8417722730737214,-1.3083451521061522,-0.8884551536680434,-1.3315309439908782,-0.08124072503298917,-0.18739847604462975,-0.9155708695389091,0.7878554622044521,0.8857402750268095,1.0551928257974788,-0.8657815497323484,False,True,True,False,False,True,False,False,True,False,False,False,False,False,True,False,False,False,False,False,True,False,False,False,False,False,True,False,False,False,False,False,False
0.13350899705984703,-0.8417722730737214,-0.8231780758680675,-0.6958743379112906,-1.1094586645185023,0.43021719839927847,-0.6416754282221906,-0.05366798451916333,0.7878554622044521,-0.18686503692548712,-0.10935376525761202,-0.6675218061454457,False,True,True,False,False,True,False,False,True,False,False,False,False,False,True,False,False,False,False,False,True,False,False,False,False,False,True,False,False,False,False,False,False
0.13350899705984703,-0.8417722730737214,-1.1331459301312883,-0.8884551536680434,-1.3315309439908782,-0.08124072503298917,-0.18739847604462975,-0.9155708695389091,0.7878554622044521,0.8857402750268095,1.0551928257974788,-0.8843527155873242,False,True,False,True,False,True,False,False,True,False,False,False,False,False,True,False,False,False,False,False,True,False,False,False,False,False,False,False,False,False,True,False,False
0.13350899705984703,-0.8417722730737214,-1.0907900742692331,-0.8884551536680434,-1.3315309439908782,-0.08124072503298917,-0.18739847604462975,-0.9155708695389091,0.7878554622044521,0.8857402750268095,1.0551928257974788,-0.8262550818653394,False,True,True,False,True,False,False,False,True,False,False,False,False,False,True,False,False,False,False,False,True,False,False,False,False,False,True,False,False,False,False,False,False
0.13350899705984703,-0.8417722730737214,-1.0907900742692331,-0.8884551536680434,-1.3315309439908782,-0.08124072503298917,-0.18739847604462975,-0.9155708695389091,0.7878554622044521,0.8857402750268095,1.0551928257974788,-0.7111891420747128,False,True,True,False,True,False,False,False,False,True,False,False,False,False,True,False,False,False,False,False,True,False,False,False,False,False,True,False,False,False,False,False,False
0.13350899705984703,-0.8417722730737214,-0.7018863068085462,-0.6958743379112906,-1.1094586645185023,0.43021719839927847,-0.6416754282221906,-0.05366798451916333,0.7878554622044521,-0.18686503692548712,-0.10935376525761202,-0.5921078150721998,False,True,True,False,True,False,False,False,False,True,False,False,False,False,True,False,False,False,False,False,True,False,False,False,False,False,True,False,False,False,False,False,False
-1.476452438073602,0.7563444869196039,-0.039594742420049546,-0.11813189064103245,0.0379147794221149,0.6539800399008949,-0.41453695213341013,-0.4085691724684704,-0.2629602160773477,-0.18686503692548712,-0.10935376525761202,-0.5465582663873607,False,True,False,True,False,True,False,False,False,True,False,False,False,False,True,False,False,False,False,False,True,False,False,False,False,False,False,False,False,False,True,False,False
1.7434704321932961,-0.475537182241917,0.49177872203118617,0.7003365763251667,1.0002279904690847,2.0604893293396294,-0.7931010789480439,1.03638566418228,-0.2629602160773477,-0.9530116883199847,-0.9827637085489301,-0.039239188335558256,False,True,True,False,True,False,False,False,False,False,True,False,False,False,True,False,False,False,False,False,True,False,False,False,False,False,True,False,False,False,False,False,False
0.9384897146265716,-2.0237127934854535,-1.622163538720469,-0.8403099497288552,-1.5536032234632557,0.4941494388283119,-0.13692325913601208,-1.1690717180741284,-0.6832864873900676,3.643868220047001,3.3842860079076607,-0.8529825029944598,False,True,False,True,False,True,False,False,True,False,False,False,False,False,True,False,False,False,False,False,True,False,False,False,False,False,False,False,False,True,False,False,False
0.9384897146265716,-2.0237127934854535,-1.4180853241123856,-0.8403099497288552,-1.5536032234632557,0.4941494388283119,-0.23787369295324787,-0.7127701907107337,1.838671140486252,0.8857402750268095,1.0551928257974788,-0.8058017032547918,False,True,True,False,False,True,False,False,True,False,False,False,False,False,True,False,False,False,False,False,True,False,False,False,False,True,False,False,False,False,False,False,False
0.13350899705984703,-0.8417722730737214,-1.3834305329525225,-1.1532537753335783,-1.5536032234632557,-0.5926986484652568,-0.010735216864467472,-1.1183715483670846,0.7878554622044521,1.958345586979106,1.6374661213250241,-0.9885018213956338,False,True,True,False,False,True,False,False,True,False,False,False,False,False,True,False,False,False,False,False,True,False,False,False,False,True,False,False,False,False,False,False,False
0.13350899705984703,-0.8417722730737214,-1.185128116871083,-0.8403099497288552,-1.5536032234632557,0.4941494388283119,-0.23787369295324787,-0.7127701907107337,1.838671140486252,0.73251094474791,0.4729195302699334,-0.8467084604758869,False,True,True,False,False,True,False,False,True,False,False,False,False,False,True,False,False,False,False,False,True,False,False,False,False,True,False,False,False,False,False,False,False
0.13350899705984703,-0.8417722730737214,-1.1543238580623159,-0.8403099497288552,-1.5536032234632557,0.4941494388283119,-0.23787369295324787,-0.7127701907107337,1.838671140486252,0.73251094474791,0.4729195302699334,-0.7714199502530125,False,True,True,False,False,True,False,False,True,False,False,False,False,False,True,False,False,False,False,False,True,False,False,False,False,True,False,False,False,False,False,False,False
-0.6714717205068775,-0.37565488474233505,-1.0503594845827262,-0.8403099497288552,-1.5536032234632557,0.4941494388283119,-0.23787369295324787,-0.7127701907107337,1.838671140486252,0.73251094474791,0.4729195302699334,-0.7505901290913505,False,True,True,False,False,True,False,False,True,False,False,False,False,False,True,False,False,False,False,False,True,False,False,False,False,True,False,False,False,False,False,False,False
-0.6714717205068775,-0.37565488474233505,-1.0234057581250549,-0.8403099497288552,-1.516591176884527,0.4941494388283119,-0.23787369295324787,-0.7127701907107337,1.838671140486252,0.73251094474791,0.4729195302699334,-0.7505901290913505,False,True,True,False,True,False,False,False,False,True,False,False,False,False,True,False,False,False,False,False,True,False,False,False,False,True,False,False,False,False,False,False,False
-0.6714717205068775,-0.37565488474233505,-0.6152493289088883,-0.40700311427616154,-0.6653141055737468,1.0375734824750955,-0.2883489098618655,-0.4592693421755143,1.4183448691735319,0.2728229539112114,0.32735120638804704,-0.6753016188684761,False,True,True,False,True,False,False,False,False,False,True,False,False,False,True,False,False,False,False,False,True,False,False,False,False,True,False,False,False,False,False,False,False
-0.6714717205068775,-0.37565488474233505,-0.5132102216048466,-0.40700311427616154,-0.6653141055737468,1.0375734824750955,-0.2883489098618655,-0.4592693421755143,1.4183448691735319,0.2728229539112114,0.32735120638804704,-0.5247245984227271,False,True,True,False,False,True,False,False,True,False,False,False,False,False,True,False,False,False,False,False,True,False,False,False,False,True,False,False,False,False,False,False,False
-0.6714717205068775,-0.37565488474233505,-0.4843312289716273,-0.40700311427616154,-0.6653141055737468,1.0375734824750955,-0.2883489098618655,-0.4592693421755143,1.4183448691735319,0.2728229539112114,0.32735120638804704,-0.5560948110155914,False,True,True,False,False,True,False,False,True,False,False,False,False,False,True,False,False,False,False,False,True,False,False,False,False,True,False,False,False,False,False,False,False
-0.6714717205068775,-0.37565488474233505,-0.3534131290343663,-0.40700311427616154,-0.6653141055737468,1.0375734824750955,-0.2883489098618655,-0.4592693421755143,1.4183448691735319,0.2728229539112114,0.32735120638804704,-0.3741475779769782,False,True,True,False,True,False,False,False,False,True,False,False,False,False,True,False,False,False,False,False,True,False,False,False,False,True,False,False,False,False,False,False,False
-0.6714717205068775,-0.37565488474233505,-0.17436337470840643,-0.40700311427616154,-0.6653141055737468,1.0375734824750955,-0.2883489098618655,-0.07901806937268527,1.4183448691735319,-0.18686503692548712,-0.4004904130213847,-0.041623324492615944,False,True,True,False,True,False,False,False,False,True,False,False,False,False,True,False,False,False,False,False,True,False,False,False,False,True,False,False,False,False,False,False,False
0.13350899705984703,-0.37565488474233505,-0.5055091569026547,-0.40700311427616154,-0.6653141055737468,1.0375734824750955,-0.2631113014075567,-0.1043681542262072,0.7878554622044521,-0.03363570664658759,0.03621455862427433,-0.3678735354584053,False,True,True,False,True,False,False,False,False,True,False,False,False,False,True,False,False,False,False,False,True,False,False,False,False,False,False,False,False,False,True,False,False
-0.6714717205068775,-0.7418899755741394,-0.4207974451785447,-0.38293051230656744,-0.07312136031407311,-0.08124072503298917,-0.41453695213341013,-0.6620700210036897,-0.6832864873900676,-0.18686503692548712,-0.2549220891394984,-0.8145853627807939,False,True,True,False,False,True,False,False,False,True,False,False,False,False,True,False,False,False,False,False,True,False,False,False,False,False,True,False,False,False,False,False,False
0.13350899705984703,-0.7085958764076113,-1.3121956844572482,-0.8884551536680434,-1.1094586645185023,-0.46483416760718993,-0.13692325913601208,-0.8648706998318653,0.5776923265480921,1.958345586979106,1.7830344452069105,-0.5471229302140322,False,True,True,False,True,False,False,False,False,True,False,False,False,False,True,False,False,False,False,False,True,False,False,False,False,False,True,False,False,False,False,False,False
-0.6714717205068775,-0.7085958764076113,-1.2448113683130697,-0.8884551536680434,-1.1094586645185023,-0.46483416760718993,-0.13692325913601208,-0.8648706998318653,0.5776923265480921,1.958345586979106,1.7830344452069105,-0.5471229302140322,False,True,True,False,False,True,False,False,False,True,False,False,False,False,True,False,False,False,False,False,True,False,False,False,False,False,True,False,False,False,False,False,False
0.9384897146265716,-0.45889013265865414,0.3435332265139936,-0.19034969654981473,0.3710231986306822,-0.08124072503298917,-0.23787369295324787,-0.3578690027614265,-0.2629602160773477,-0.18686503692548712,-0.2549220891394984,-0.27966049764727074,False,True,True,False,True,False,False,False,False,True,False,False,False,False,True,False,False,False,False,False,True,False,False,False,False,False,True,False,False,False,False,False,False
-0.6714717205068775,2.3711082964961943,2.9079877723438705,3.155741977223764,1.1112641302052728,2.9235745751315805,-0.5154873859506459,1.8222382946414597,-0.7883680552182476,-1.5659290094355827,-1.710605327958362,2.38078449192837,False,True,True,False,False,True,False,False,True,False,False,False,False,False,True,False,False,False,False,False,True,False,False,False,False,False,False,False,False,False,False,False,True
-0.6714717205068775,2.3711082964961943,2.9079877723438705,3.155741977223764,1.1112641302052728,2.9235745751315805,-0.5154873859506459,1.8222382946414597,-0.7883680552182476,-1.5659290094355827,-1.710605327958362,2.7948712981541797,False,True,True,False,True,False,False,False,False,True,False,True,False,False,False,False,False,False,False,False,False,True,False,False,False,False,False,False,False,False,True,False,False
-0.6714717205068775,0.5399328423371748,2.6846568959803077,4.7926789111561625,0.7781557109967071,-1.5836483751152748,0.34259130149585754,4.002345592044346,-0.2629602160773477,-1.8723876699933817,-2.0017419757221346,2.8513376808213353,False,True,True,False,True,False,False,False,False,True,False,True,False,False,False,False,False,False,False,False,False,True,False,False,False,False,False,False,False,False,True,False,False
0.13350899705984703,-0.9416545705733057,-1.2813914256484809,-0.8643825516984494,-1.1094586645185023,-0.336969686749123,-0.2883489098618655,-0.9155708695389091,-0.2629602160773477,0.73251094474791,0.03621455862427433,-1.0140999148714112,False,True,True,False,False,True,False,False,False,True,False,False,False,False,False,False,True,False,False,False,False,False,False,True,False,False,False,False,False,False,True,False,False
0.13350899705984703,-0.9416545705733057,-1.2621387638930013,-0.8643825516984494,-1.1094586645185023,-0.336969686749123,-0.2883489098618655,-0.9155708695389091,-0.2629602160773477,0.8857402750268095,1.0551928257974788,-0.9011671495370994,False,True,True,False,False,True,False,False,True,False,False,False,False,False,True,False,False,False,False,False,True,False,False,False,False,False,True,False,False,False,False,False,False
0.13350899705984703,-0.9416545705733057,-1.2525124330152615,-0.8643825516984494,-1.1094586645185023,-0.336969686749123,-0.2883489098618655,-0.9155708695389091,-0.2629602160773477,0.8857402750268095,1.0551928257974788,-0.8133305542770792,False,True,True,False,False,True,False,False,True,False,False,False,False,False,True,False,False,False,False,False,True,False,False,False,False,False,True,False,False,False,False,False,False
0.13350899705984703,-0.9416545705733057,-1.1755017859933432,-0.8643825516984494,-1.1094586645185023,-0.336969686749123,-0.2883489098618655,-0.9155708695389091,-0.2629602160773477,0.8857402750268095,1.0551928257974788,-0.825878639314225,False,True,True,False,False,True,False,False,True,False,False,False,False,False,True,False,False,False,False,False,True,False,False,False,False,False,True,False,False,False,False,False,False
0.13350899705984703,-0.9416545705733057,-1.1658754551156034,-0.8643825516984494,-0.9243984316248534,-0.336969686749123,-0.2883489098618655,-0.9155708695389091,-0.2629602160773477,0.8857402750268095,1.0551928257974788,-0.7380420440542048,False,True,True,False,True,False,False,False,False,True,False,False,False,False,True,False,False,False,False,False,True,False,False,False,False,False,True,False,False,False,False,False,False
1.7434704321932961,-0.5754194797415013,-0.33801099962998266,-1.3699071930599251,0.0009027328433861145,-0.0013254244966976996,-0.18739847604462975,-0.07901806937268527,1.838671140486252,-1.2594703488777836,-1.1283320324308166,-0.2925850252355308,False,True,True,False,True,False,False,False,False,True,False,False,False,False,True,False,False,False,False,False,True,False,False,False,False,False,True,False,False,False,False,False,False
1.7434704321932961,-0.5754194797415013,-0.33801099962998266,-1.3699071930599251,0.0009027328433861145,-0.0013254244966976996,-0.18739847604462975,-0.07901806937268527,1.838671140486252,-1.2594703488777836,-1.1283320324308166,-0.17965225990121914,False,True,True,False,False,True,False,False,True,False,False,False,False,False,False,False,False,True,False,False,False,False,False,False,True,False,False,True,False,False,False,False,False
1.7434704321932961,-0.5754194797415013,-0.32838466875224287,-1.3699071930599251,0.0009027328433861145,-0.0013254244966976996,-0.18739847604462975,-0.07901806937268527,1.838671140486252,-1.2594703488777836,-1.1283320324308166,0.046213270767404266,False,True,True,False,False,True,False,False,True,False,False,False,False,False,False,False,False,True,False,False,False,False,False,False,True,False,False,True,False,False,False,False,False
1.7434704321932961,-0.5754194797415013,-0.10697905856422799,-1.1291811733639843,0.0009027328433861145,-0.0013254244966976996,-0.18739847604462975,0.7828848156470605,1.838671140486252,-1.4126996791566833,-1.1283320324308166,0.29717497151031913,False,True,True,False,False,True,False,False,True,False,False,False,False,False,False,False,False,True,False,False,False,False,False,False,True,False,False,True,False,False,False,False,False
0.13350899705984703,0.007227255672732204,-0.32838466875224287,-0.11813189064103245,0.22297501231576378,0.43021719839927847,-0.3892993436791013,-0.5099695118825581,-0.6832864873900676,0.11959362363231192,0.18178288250616068,-0.5560948110155914,False,True,True,False,False,True,False,False,True,False,False,False,False,False,False,False,False,True,False,False,False,False,False,False,True,False,False,False,False,False,True,False,False
-0.6714717205068775,0.007227255672732204,-0.280253014363544,-0.11813189064103245,0.22297501231576378,0.43021719839927847,-0.3892993436791013,-0.5099695118825581,-0.6832864873900676,0.11959362363231192,0.18178288250616068,-0.6000131086456015,False,True,True,False,False,True,False,False,True,False,False,False,False,False,True,False,False,False,False,False,True,False,False,False,False,False,True,False,False,False,False,False,False
0.13350899705984703,0.007227255672732204,-0.32838466875224287,-0.11813189064103245,0.22297501231576378,0.43021719839927847,-0.3892993436791013,-0.5099695118825581,-0.6832864873900676,0.11959362363231192,0.18178288250616068,-0.33650332286554097,False,True,True,False,True,False,False,False,False,True,False,False,False,False,True,False,False,False,False,False,True,False,False,False,False,False,True,False,False,False,False,False,False
-0.6714717205068775,0.007227255672732204,-0.280253014363544,-0.11813189064103245,0.22297501231576378,0.43021719839927847,-0.3892993436791013,-0.5099695118825581,-0.6832864873900676,0.11959362363231192,0.18178288250616068,-0.38042162049555106,False,True,True,False,False,True,False,False,True,False,False,False,False,False,True,False,False,False,False,False,True,False,False,False,False,False,True,False,False,False,False,False,False
-0.6714717205068775,0.007227255672732204,-0.21671923057046144,-0.11813189064103245,0.22297501231576378,0.43021719839927847,3.1692034483784566,-1.0169712089529968,-0.9985311908746076,1.651886926421307,1.6374661213250241,-0.3114071527912495,False,True,True,False,True,False,False,False,False,True,False,False,False,False,True,False,False,False,False,False,True,False,False,False,False,False,True,False,False,False,False,False,False
-0.6714717205068775,0.007227255672732204,-0.25137402173032464,-0.11813189064103245,0.22297501231576378,0.43021719839927847,-0.3892993436791013,-0.5099695118825581,-0.6832864873900676,0.11959362363231192,0.18178288250616068,-0.2549407701240936,True,False,True,False,True,False,False,False,False,True,False,False,False,False,True,False,False,False,False,False,True,False,False,False,False,False,False,False,True,False,False,False,False
-0.6714717205068775,1.0226972802518264,0.22031619127892443,0.3151749448116612,1.5924207357287568,-0.30500356653460553,-0.5407249944049548,0.4026335428442315,-0.2629602160773477,-0.9530116883199847,-0.5460587369032711,0.6278170122391096,False,True,True,False,True,False,False,False,True,False,False,False,False,False,True,False,False,False,False,False,True,False,False,False,False,False,True,False,False,False,False,False,False
-0.6714717205068775,1.0226972802518264,0.2780741765453631,0.17073933299409666,0.3710231986306822,1.229370203762196,2.9925401891982943,-0.8141705301248213,-1.9442653013282274,0.8857402750268095,1.200761149679365,0.6358477866628828,False,True,True,False,True,False,False,False,False,True,False,False,False,False,True,False,False,False,False,False,True,False,False,False,False,False,False,False,False,False,True,False,False
-1.476452438073602,1.87169680899828,1.847166109616947,1.3502968295042073,0.9262038973116256,1.229370203762196,2.86635214692675,0.4786837974047973,-1.6290205978436874,-0.49332369748328614,-0.8371953846670438,1.5403137561403482,True,False,True,False,True,False,False,False,False,True,False,False,False,False,True,False,False,False,False,False,True,False,False,False,False,False,False,False,True,False,False,False,False
-1.476452438073602,1.87169680899828,2.299603660870716,1.3502968295042073,0.9262038973116256,1.229370203762196,2.86635214692675,0.4786837974047973,-1.6290205978436874,-0.49332369748328614,-0.8371953846670438,1.8786101287417973,True,False,False,True,True,False,False,False,False,True,False,False,False,False,True,False,False,False,False,True,False,False,False,False,False,False,False,False,True,False,False,False,False
-0.6714717205068775,1.3223441727505745,1.8086607861059878,1.3502968295042073,0.9262038973116256,1.229370203762196,2.86635214692675,0.4786837974047973,-1.6290205978436874,-0.49332369748328614,-0.8371953846670438,1.8695755075150524,True,False,False,True,True,False,False,False,False,False,True,False,False,False,True,False,False,False,False,True,False,False,False,False,False,False,False,False,True,False,False,False,False
-1.476452438073602,2.8039315856610525,2.3381089843816754,1.3502968295042073,0.9262038973116256,1.229370203762196,2.86635214692675,0.4786837974047973,-1.6290205978436874,-0.49332369748328614,-0.8371953846670438,2.2992219391869226,True,False,False,True,False,True,False,True,False,False,False,False,False,False,True,False,False,False,False,True,False,False,False,False,False,False,False,False,True,False,False,False,False
-1.476452438073602,2.8039315856610525,2.2803509991152366,2.5779995299535057,0.4820593383668702,-0.49680028782170593,-0.4650121690420278,1.2898865127174992,-0.7883680552182476,-1.4126996791566833,-1.8561736518402483,2.6234644565467686,True,False,False,True,True,False,False,False,False,True,False,False,False,False,True,False,False,False,False,True,False,False,False,False,False,False,False,False,True,False,False,False,False
1.7434704321932961,-0.3590078351590722,2.1744613594600994,2.5779995299535057,0.4820593383668702,-0.49680028782170593,-0.4650121690420278,1.2898865127174992,-0.7883680552182476,-1.4126996791566833,-1.8561736518402483,2.7328837580706797,False,True,True,False,True,False,False,False,False,True,False,False,False,False,False,False,True,False,True,False,False,False,False,False,False,False,False,False,False,False,True,False,False
-0.6714717205068775,3.6862252135740365,2.58839358720291,4.359372075703469,1.7404689220436753,0.30235271754121157,-0.5407249944049548,2.0250389734696355,-1.3137758943591475,-1.7191583397144823,-2.1473102996040208,3.4737226986637646,False,True,True,False,False,True,True,False,False,False,False,False,False,False,False,False,True,False,True,False,False,False,False,False,False,False,False,False,False,False,True,False,False
0.13350899705984703,2.2046378006635563,2.2322193447265377,4.263081667825093,1.7404689220436753,0.30235271754121157,-0.5407249944049548,2.0250389734696355,-1.3137758943591475,-1.7191583397144823,-2.1473102996040208,4.030857674313036,False,True,True,False,True,False,False,False,False,True,False,False,False,False,False,False,True,False,True,False,False,False,False,False,False,False,False,False,False,False,True,False,False
0.13350899705984703,0.6564621894200219,0.6823800734104337,0.3151749448116612,1.6664448288862161,-0.4328680473926725,-0.5407249944049548,1.796888209787938,-0.2629602160773477,-0.9530116883199847,-0.9827637085489301,0.40483754112902964,False,True,True,False,False,True,False,True,False,False,False,False,False,False,False,False,True,False,True,False,False,False,False,False,False,False,False,False,False,False,True,False,False
0.9384897146265716,-0.8417722730737214,-1.2274839727331381,-0.8403099497288552,-1.3315309439908782,-0.08124072503298917,-0.18739847604462975,-0.9155708695389091,0.7878554622044521,1.8051162567002066,1.4918977974431378,-0.9897566298993484,False,True,False,True,False,True,False,False,True,False,False,False,False,False,True,False,False,False,False,False,True,False,False,False,False,False,False,False,False,False,True,False,False
0.9384897146265716,-0.8417722730737214,-1.1774270521688912,-0.8403099497288552,-1.3315309439908782,-0.08124072503298917,-0.18739847604462975,-0.9155708695389091,0.7878554622044521,0.8857402750268095,1.0551928257974788,-0.8893719496021825,False,True,True,False,False,True,False,False,True,False,False,False,False,False,True,False,False,False,False,False,True,False,False,False,False,False,True,False,False,False,False,False,False
0.9384897146265716,-0.8417722730737214,-1.061911081636014,-0.8403099497288552,-1.3315309439908782,-0.08124072503298917,-0.18739847604462975,-0.9155708695389091,0.7878554622044521,0.8857402750268095,1.0551928257974788,-0.8291411414238828,False,True,True,False,False,True,False,False,True,False,False,False,False,False,True,False,False,False,False,False,True,False,False,False,False,False,True,False,False,False,False,False,False
0.13350899705984703,-0.9583016201565685,-0.7904485508837522,-0.6958743379112906,-1.1094586645185023,0.43021719839927847,-0.6416754282221906,-0.05366798451916333,0.7878554622044521,-0.18686503692548712,-0.10935376525761202,-0.7011506740449963,False,True,True,False,False,True,False,False,True,False,False,False,False,False,True,False,False,False,False,False,True,False,False,False,False,False,True,False,False,False,False,False,False
1.7434704321932961,-0.40894898390886314,-0.3572636613854622,-0.40700311427616154,-0.5912900124162876,0.6539800399008949,-0.6669130366764994,0.30123320343014376,0.7878554622044521,-0.3400943672043866,-0.10935376525761202,-0.4163091437017879,False,True,False,True,False,True,False,False,True,False,False,False,False,False,True,False,False,False,False,False,True,False,False,False,False,False,False,False,False,False,False,True,False
1.7434704321932961,-0.40894898390886314,-0.43812484075847635,-0.11813189064103245,0.07492682600084534,0.6539800399008949,-0.41453695213341013,-0.4085691724684704,-0.2629602160773477,-0.03363570664658759,0.18178288250616068,-0.5995111852441157,False,True,False,True,False,True,False,False,True,False,False,False,False,False,True,False,False,False,False,False,True,False,False,False,False,False,False,False,False,False,False,True,False
1.7434704321932961,-0.475537182241917,0.5341345778932411,0.7003365763251667,0.9262038973116256,1.9326248484815627,-0.7931010789480439,1.03638566418228,-0.2629602160773477,-0.9530116883199847,-0.9827637085489301,-0.0812752732099965,False,True,True,False,False,True,False,False,True,False,False,False,False,False,True,False,False,False,False,False,True,False,False,False,False,False,True,False,False,False,False,False,False
1.7434704321932961,-0.475537182241917,0.7035580013414613,0.7003365763251667,0.9632159438903544,1.9326248484815627,-0.7931010789480439,1.03638566418228,-0.2629602160773477,-0.9530116883199847,-0.9827637085489301,0.1998018316220682,False,True,False,True,False,True,False,False,True,False,False,False,False,False,True,False,False,False,False,False,True,False,False,False,False,False,False,False,False,False,False,True,False
1.7434704321932961,-0.475537182241917,0.7131843322192011,0.7003365763251667,0.9632159438903544,1.9326248484815627,-0.7931010789480439,1.03638566418228,-0.2629602160773477,-0.9530116883199847,-0.9827637085489301,0.15211910848091434,False,True,False,True,False,True,False,False,True,False,False,False,False,False,True,False,False,False,False,False,True,False,False,False,False,False,False,False,False,False,False,True,False
0.13350899705984703,-0.40894898390886314,-0.36688999226320196,-0.11813189064103245,0.07492682600084534,0.6539800399008949,-0.41453695213341013,-0.4085691724684704,-0.2629602160773477,-0.03363570664658759,0.18178288250616068,-0.7889872693050165,False,True,False,True,False,True,False,False,True,False,False,False,False,False,True,False,False,False,False,False,True,False,False,False,False,False,False,False,False,False,False,True,False
0.13350899705984703,-0.40894898390886314,-0.2898793452412838,-0.11813189064103245,0.07492682600084534,0.6539800399008949,-0.41453695213341013,-0.4085691724684704,-0.2629602160773477,-0.03363570664658759,0.18178288250616068,-0.6384102488592676,False,True,True,False,True,False,False,False,False,True,False,False,False,False,True,False,False,False,False,False,True,False,False,False,False,False,True,False,False,False,False,False,False
0.13350899705984703,-0.40894898390886314,-0.2937298775923797,-0.40700311427616154,-0.5912900124162876,0.6539800399008949,-0.6669130366764994,0.30123320343014376,0.7878554622044521,-0.3400943672043866,-0.10935376525761202,-0.5016361219543789,False,True,True,False,True,False,False,False,False,True,False,False,False,False,True,False,False,False,False,False,True,False,False,False,False,False,True,False,False,False,False,False,False
-1.476452438073602,-0.40894898390886314,-0.2937298775923797,-0.40700311427616154,-0.5912900124162876,0.6539800399008949,-0.6669130366764994,0.30123320343014376,0.7878554622044521,-0.3400943672043866,-0.10935376525761202,-0.5016361219543789,False,True,False,True,True,False,False,False,False,True,False,False,False,False,True,False,False,False,False,False,True,False,False,False,False,False,False,False,False,False,False,True,False
0.13350899705984703,-0.7085958764076113,-1.2833166918240289,-0.7199469398808848,-0.6653141055737468,0.11055599625411121,-0.18739847604462975,-0.8902207846853871,0.1573660552353722,0.8857402750268095,0.9096245019155924,-0.975953736358488,False,True,True,False,True,False,False,False,False,True,False,False,False,False,True,False,False,False,False,False,True,False,False,False,False,False,False,False,False,False,False,True,False
0.13350899705984703,-0.7085958764076113,-1.0368826213538904,-0.5755113280633202,-1.257506850833419,0.6859461601154123,2.967302580743985,-1.2451219726346943,-0.6832864873900676,3.030950898931403,2.802012712380115,-0.7751843757641562,False,True,True,False,False,True,False,False,False,True,False,False,False,False,True,False,False,False,False,False,True,False,False,False,False,False,True,False,False,False,False,False,False
0.13350899705984703,-0.7085958764076113,-1.2274839727331381,-0.7199469398808848,-0.6653141055737468,0.11055599625411121,-0.18739847604462975,-0.8902207846853871,0.1573660552353722,0.8857402750268095,0.9096245019155924,-0.831650758431312,True,False,True,False,False,True,False,False,False,True,False,False,False,False,True,False,False,False,False,False,True,False,False,False,False,False,False,False,True,False,False,False,False
0.13350899705984703,-0.7085958764076113,-1.188978649222179,-0.7199469398808848,-0.6653141055737468,0.11055599625411121,-0.18739847604462975,-0.8902207846853871,0.1573660552353722,0.8857402750268095,0.9096245019155924,-0.8065545883570205,False,True,True,False,False,True,False,False,False,True,False,False,False,False,True,False,False,False,False,False,True,False,False,False,False,False,True,False,False,False,False,False,False
0.13350899705984703,-0.7085958764076113,-1.0234057581250549,-0.7199469398808848,-0.6653141055737468,0.11055599625411121,-0.18739847604462975,-0.8902207846853871,0.1573660552353722,0.8857402750268095,0.9096245019155924,-0.7438141631712918,False,True,True,False,True,False,False,False,False,True,False,False,False,False,True,False,False,False,False,False,True,False,False,False,False,False,True,False,False,False,False,False,False
0.13350899705984703,-0.7085958764076113,-1.1639501889400556,-0.7199469398808848,-0.6653141055737468,0.11055599625411121,-0.18739847604462975,-0.8902207846853871,0.1573660552353722,0.8857402750268095,0.9096245019155924,-0.7500882056898647,False,True,True,False,True,False,False,False,False,False,True,False,False,False,True,False,False,False,False,False,True,False,False,False,False,False,True,False,False,False,False,False,False
0.13350899705984703,-0.7085958764076113,-1.015704693422863,-0.7199469398808848,-0.6653141055737468,0.11055599625411121,-0.18739847604462975,-0.8902207846853871,0.1573660552353722,0.8857402750268095,0.9096245019155924,-0.6873477805041359,False,True,True,False,False,True,False,False,False,True,False,False,False,False,True,False,False,False,False,False,True,False,False,False,False,False,True,False,False,False,False,False,False
0.13350899705984703,-0.7085958764076113,-1.1254448654290965,-0.7199469398808848,-0.6653141055737468,0.11055599625411121,-0.18739847604462975,-0.8902207846853871,0.1573660552353722,0.8857402750268095,0.9096245019155924,-0.7249920356155732,False,True,True,False,False,True,False,False,True,False,False,False,False,False,True,False,False,False,False,False,True,False,False,False,False,False,True,False,False,False,False,False,False
0.13350899705984703,-0.7085958764076113,-0.9983772978429314,-0.7199469398808848,-0.6653141055737468,0.11055599625411121,-0.18739847604462975,-0.8902207846853871,0.1573660552353722,0.8857402750268095,0.9096245019155924,-0.6622516104298445,False,True,True,False,True,False,False,False,False,True,False,False,False,False,True,False,False,False,False,False,True,False,False,False,False,False,True,False,False,False,False,False,False
0.9384897146265716,-0.6087135789080294,-1.054210016933822,-0.7199469398808848,-0.6653141055737468,0.11055599625411121,-0.18739847604462975,-0.8902207846853871,0.1573660552353722,0.8857402750268095,0.9096245019155924,-0.6308813978369802,False,True,True,False,True,False,False,False,False,False,True,False,False,False,True,False,False,False,False,False,True,False,False,False,False,False,True,False,False,False,False,False,False
-0.6714717205068775,-0.25912553765948787,-0.44582590546066814,-0.16627709458022064,0.0009027328433861145,0.6859461601154123,-0.41453695213341013,-0.180418408786773,0.1573660552353722,0.2728229539112114,0.4729195302699334,-0.5430448025769599,False,True,True,False,False,True,False,True,False,False,False,False,False,False,True,False,False,False,False,False,True,False,False,False,False,False,True,False,False,False,False,False,False
-0.6714717205068775,-0.25912553765948787,-0.4881817613227232,-0.16627709458022064,0.0009027328433861145,0.6859461601154123,-0.41453695213341013,-0.180418408786773,0.1573660552353722,0.2728229539112114,0.4729195302699334,-0.46775629235408545,False,True,True,False,True,False,False,False,True,False,False,False,False,False,True,False,False,False,False,False,True,False,False,False,False,False,True,False,False,False,False,False,False
-0.6714717205068775,0.27358004900495464,1.0385543158868056,1.302151625565019,0.3710231986306822,0.046623755825077745,-0.2883489098618655,1.2138362581569333,0.1573660552353722,-1.2594703488777836,-1.273900356312703,0.027893066613171476,False,True,True,False,True,False,False,False,False,True,False,False,False,False,True,False,False,False,False,False,True,False,False,False,False,False,True,False,False,False,False,False,False
-0.6714717205068775,0.27358004900495464,1.4255328171719446,1.302151625565019,0.3710231986306822,0.046623755825077745,-0.2883489098618655,1.2138362581569333,0.1573660552353722,-1.2594703488777836,-1.273900356312703,0.1408258319474832,False,True,True,False,True,False,False,False,False,True,False,False,False,False,False,False,True,False,False,False,False,True,False,False,False,False,False,False,False,False,True,False,False
-0.6714717205068775,0.27358004900495464,0.9711699997426271,1.302151625565019,0.3710231986306822,0.046623755825077745,-0.2883489098618655,1.2138362581569333,0.1573660552353722,-0.9530116883199847,-0.8371953846670438,0.027893066613171476,False,True,True,False,True,False,False,False,False,False,True,False,False,False,False,False,True,False,False,False,False,True,False,False,False,False,False,False,False,False,True,False,False
1.7434704321932961,-1.2413014630720538,0.9923479276736545,1.302151625565019,0.3710231986306822,0.046623755825077745,-0.2883489098618655,1.4166369369851088,0.1573660552353722,-0.9530116883199847,-0.8371953846670438,0.49217221298756403,False,True,True,False,True,False,False,False,False,True,False,False,False,False,False,False,True,False,False,False,False,True,False,False,False,False,False,False,False,False,True,False,False
1.7434704321932961,-1.2413014630720538,1.1232660276109157,1.302151625565019,0.3710231986306822,0.046623755825077745,-0.5912002113135727,2.430640331125986,0.1573660552353722,-1.2594703488777836,-1.1283320324308166,0.8058743389162076,False,True,True,False,False,True,False,False,True,False,False,False,False,False,False,False,True,False,False,False,False,True,False,False,False,False,False,False,False,False,True,False,False
0.13350899705984703,0.07381545400578841,1.1232660276109157,1.302151625565019,0.3710231986306822,0.046623755825077745,-0.2883489098618655,1.4166369369851088,0.1573660552353722,-0.9530116883199847,-0.8371953846670438,0.6427492334333129,False,True,False,True,False,True,False,False,True,False,False,False,False,False,False,False,True,False,False,False,False,True,False,False,False,False,False,False,False,False,True,False,False
-0.6714717205068775,1.5221087677497407,0.8941593527207089,-0.16627709458022064,0.4820593383668702,-0.20910520589105608,-0.43977456058771897,-0.180418408786773,-0.2629602160773477,-0.9530116883199847,-0.9827637085489301,-0.17275081313078897,False,True,True,False,False,True,False,False,True,False,False,False,False,False,False,False,True,False,False,False,False,True,False,False,False,False,False,False,False,False,True,False,False
-0.6714717205068775,1.5221087677497407,1.234931465792697,0.6040461684467903,1.3703484562563808,0.8457767611879953,2.740164104655205,-0.23111857849381687,-2.049346869156407,0.42605228419011093,0.32735120638804704,-0.009625707647894298,False,True,True,False,True,False,False,False,False,True,False,False,False,True,False,False,False,False,False,False,True,False,False,False,False,False,False,False,False,False,True,False,False
-0.6714717205068775,2.5708728914953607,1.2984652495857796,-0.16627709458022064,0.4820593383668702,-0.20910520589105608,-0.43977456058771897,-0.180418408786773,-0.2629602160773477,-0.9530116883199847,-0.9827637085489301,-0.10499115393020196,True,False,False,True,True,False,False,False,False,True,False,False,False,True,False,False,False,False,False,False,True,False,False,False,False,False,False,False,True,False,False,False,False
-0.6714717205068775,2.5708728914953607,1.6835184846953706,0.6040461684467903,1.3703484562563808,0.8457767611879953,2.740164104655205,-0.23111857849381687,-2.049346869156407,-0.03363570664658759,-0.8371953846670438,0.07319165359726762,False,True,True,False,True,False,False,False,False,False,True,False,False,True,False,False,False,False,False,False,True,False,False,False,False,False,False,False,False,False,True,False,False
-0.6714717205068775,1.5221087677497407,1.0000489923758464,-0.16627709458022064,0.4820593383668702,-3.405717227342726,-0.43977456058771897,-0.23111857849381687,-0.2629602160773477,-0.9530116883199847,-0.9827637085489301,0.2890187162361744,True,False,False,True,True,False,False,False,False,False,True,False,False,True,False,False,False,False,False,False,True,False,False,False,False,False,False,False,True,False,False,False,False
-0.6714717205068775,1.5221087677497407,1.3408211054478345,0.6040461684467903,1.3703484562563808,0.8457767611879953,2.740164104655205,-0.23111857849381687,-2.049346869156407,0.42605228419011093,0.32735120638804704,0.45465343872649827,False,True,True,False,True,False,False,False,False,True,False,False,False,True,False,False,False,False,False,False,True,False,False,False,False,False,False,False,False,False,True,False,False
-0.6714717205068775,2.5708728914953607,1.404354889240917,-0.16627709458022064,0.4820593383668702,-3.405717227342726,-0.43977456058771897,-0.23111857849381687,-0.2629602160773477,-0.9530116883199847,-0.9827637085489301,0.42892986440034947,True,False,False,True,True,False,False,False,False,True,False,False,False,True,False,False,False,False,False,False,True,False,False,False,False,False,False,False,True,False,False,False,False
-0.6714717205068775,2.5708728914953607,1.7894081243505082,0.6040461684467903,1.3703484562563808,0.8457767611879953,2.740164104655205,-0.23111857849381687,-2.049346869156407,-0.03363570664658759,-0.8371953846670438,0.4766125875415033,False,True,True,False,True,False,False,False,False,False,True,False,False,True,False,False,False,False,False,False,True,False,False,False,False,False,False,False,False,False,True,False,False
-0.6714717205068775,1.5221087677497407,1.0000489923758464,-0.16627709458022064,0.4820593383668702,-0.20910520589105608,-0.43977456058771897,-0.180418408786773,-0.2629602160773477,-0.9530116883199847,-0.9827637085489301,0.42077360912620476,True,False,False,True,True,False,False,False,False,False,True,False,False,True,False,False,False,False,False,False,True,False,False,False,False,False,False,False,True,False,False,False,False
-0.6714717205068775,1.5221087677497407,1.3408211054478345,0.6040461684467903,1.3703484562563808,0.8457767611879953,2.740164104655205,-0.23111857849381687,-2.049346869156407,0.42605228419011093,0.32735120638804704,0.5864083316165286,False,True,True,False,True,False,False,False,False,True,False,False,False,True,False,False,False,False,False,False,True,False,False,False,False,False,False,False,False,False,True,False,False
-0.6714717205068775,1.5387558173330036,1.1059386320309839,0.17073933299409666,1.0372400370478136,-0.14517296546202263,-0.7931010789480439,0.960335409621714,0.998018597860812,-1.1062410185988842,-0.9827637085489301,0.61150450169082,True,False,False,True,True,False,False,False,False,True,False,False,False,True,False,False,False,False,False,False,True,False,False,False,False,False,False,False,True,False,False,False,False
0.13350899705984703,-0.8417722730737214,-1.2274839727331381,-0.8884551536680434,-1.3315309439908782,-0.08124072503298917,-0.18739847604462975,-0.9155708695389091,0.7878554622044521,1.8051162567002066,1.4918977974431378,-0.9667936342813717,False,True,False,True,True,False,False,False,False,True,False,False,False,True,False,False,False,False,False,False,True,False,False,False,False,False,False,False,False,False,True,False,False
0.13350899705984703,-0.8417722730737214,-0.8231780758680675,-0.6958743379112906,-1.1094586645185023,0.43021719839927847,-0.6416754282221906,-0.05366798451916333,0.7878554622044521,-0.18686503692548712,-0.10935376525761202,-0.6675218061454457,False,True,True,False,False,True,False,False,True,False,False,False,False,False,True,False,False,False,False,False,True,False,False,False,False,False,True,False,False,False,False,False,False
0.13350899705984703,-0.8417722730737214,-1.1331459301312883,-0.8884551536680434,-1.3315309439908782,-0.08124072503298917,-0.18739847604462975,-0.9155708695389091,0.7878554622044521,0.8857402750268095,1.0551928257974788,-0.8843527155873242,False,True,False,True,False,True,False,False,True,False,False,False,False,False,True,False,False,False,False,False,True,False,False,False,False,False,False,False,False,False,False,True,False
0.13350899705984703,-0.8417722730737214,-1.0907900742692331,-0.8884551536680434,-1.3315309439908782,-0.08124072503298917,-0.18739847604462975,-0.9155708695389091,0.7878554622044521,0.8857402750268095,1.0551928257974788,-0.8262550818653394,False,True,True,False,True,False,False,False,True,False,False,False,False,False,True,False,False,False,False,False,True,False,False,False,False,False,True,False,False,False,False,False,False
0.13350899705984703,-0.8417722730737214,-0.7018863068085462,-0.6958743379112906,-1.3315309439908782,-0.08124072503298917,-0.18739847604462975,-0.9155708695389091,0.7878554622044521,0.8857402750268095,1.0551928257974788,-0.7111891420747128,False,True,True,False,True,False,False,False,False,True,False,False,False,False,True,False,False,False,False,False,True,False,False,False,False,False,True,False,False,False,False,False,False
-1.476452438073602,0.7563444869196039,-0.039594742420049546,-0.11813189064103245,0.07492682600084534,0.6539800399008949,-0.41453695213341013,-0.4085691724684704,-0.2629602160773477,-0.18686503692548712,-0.10935376525761202,-0.5465582663873607,False,True,True,False,True,False,False,False,False,True,False,False,False,False,True,False,False,False,False,False,True,False,False,False,False,False,True,False,False,False,False,False,False
1.7434704321932961,-0.475537182241917,0.5052555852600219,0.7003365763251667,0.9632159438903544,1.9326248484815627,-0.7931010789480439,1.03638566418228,-0.2629602160773477,-0.9530116883199847,-0.9827637085489301,-0.06433535840984975,False,True,True,False,True,False,False,False,False,False,True,False,False,False,True,False,False,False,False,False,True,False,False,False,False,False,True,False,False,False,False,False,False
1.7434704321932961,-0.7085958764076113,0.4282449382381036,0.5799735664771962,2.2586375741458897,-0.46483416760718993,-0.16216086759032092,0.985685494475236,0.7878554622044521,-0.9530116883199847,-0.5460587369032711,1.0968644309276174,False,True,False,True,False,True,False,False,True,False,False,False,False,False,True,False,False,False,False,False,True,False,False,False,False,False,False,False,False,False,False,True,False
1.7434704321932961,-1.5409483555708021,0.38588908237604863,1.6150954511697422,1.5183966425712994,-1.1361226921120404,-0.16216086759032092,2.60809092510064,1.6285080048298919,-1.2594703488777836,-0.8371953846670438,2.415668168331635,False,True,True,False,False,True,False,False,True,False,False,False,False,False,True,False,False,False,False,False,True,False,False,False,False,False,False,False,False,False,True,False,False
1.7434704321932961,-1.5409483555708021,0.38588908237604863,1.6150954511697422,1.5183966425712994,-1.1361226921120404,-0.16216086759032092,2.60809092510064,1.6285080048298919,-1.2594703488777836,-0.8371953846670438,2.6038894438888214,False,True,True,False,False,True,False,True,False,False,False,False,False,False,False,True,False,False,False,False,False,True,False,False,False,False,False,False,False,False,True,False,False
1.7434704321932961,-1.5409483555708021,0.47060079410015865,1.6150954511697422,1.5183966425712994,-1.1361226921120404,-0.16216086759032092,2.60809092510064,1.6285080048298919,-1.2594703488777836,-0.8371953846670438,2.9803319950031937,False,True,True,False,False,True,False,True,False,False,False,False,False,False,False,True,False,False,False,False,False,True,False,False,False,False,False,False,False,False,True,False,False
0.13350899705984703,-0.05936094266032163,1.5603014494603014,1.831748868896089,2.2586375741458897,-0.46483416760718993,-0.035972825318776304,4.661447798235916,1.313263301345352,-1.2594703488777836,-0.4004904130213847,2.274188509537817,False,True,True,False,False,True,True,False,False,False,False,False,False,False,False,True,False,False,False,False,False,True,False,False,False,False,False,False,False,False,True,False,False
-0.6714717205068775,-0.44224308307539123,0.0451169693040605,0.12259412905490848,0.4820593383668702,2.0604893293396294,-0.36406173522479246,-0.3578690027614265,-0.052797080420987755,-0.3400943672043866,0.03621455862427433,-0.4996284283484356,False,True,True,False,False,True,False,False,True,False,False,False,True,False,False,False,False,False,True,False,False,False,False,False,False,False,False,False,False,False,True,False,False
0.9384897146265716,-0.44224308307539123,-0.18398970558614622,0.12259412905490848,0.4820593383668702,2.0604893293396294,-0.36406173522479246,-0.3578690027614265,-0.052797080420987755,-0.3400943672043866,0.03621455862427433,-0.42433991812556116,False,True,True,False,True,False,False,False,False,False,True,False,False,False,True,False,False,False,False,False,True,False,False,False,False,False,False,False,False,False,True,False,False
1.7434704321932961,0.057168404422523175,0.19721299717234897,-0.14220449261062654,0.7781557109967071,-0.5926986484652568,-0.21011232365350774,0.14913269430901213,0.2624476230635522,-0.6465530277621856,-0.4004904130213847,-0.17902485564936185,False,True,True,False,False,True,False,False,True,False,False,False,False,False,True,False,False,False,False,False,True,False,False,False,False,False,False,False,False,False,True,False,False
0.9384897146265716,0.057168404422523175,0.2684478456676233,-0.14220449261062654,0.7781557109967071,-0.5926986484652568,-0.2126360844989386,0.14913269430901213,0.2624476230635522,-0.6465530277621856,-0.4004904130213847,-0.13887098353049546,False,True,True,False,False,True,False,False,True,False,False,False,False,False,True,False,False,False,False,False,True,False,False,False,False,False,False,False,False,False,True,False,False
1.7434704321932961,0.057168404422523175,0.2915510397741988,-0.14220449261062654,-2.9230489468762504,-3.7893106699169268,-0.2126360844989386,0.14913269430901213,0.2624476230635522,-0.6465530277621856,-0.4004904130213847,0.2212590570355874,False,True,True,False,True,False,False,False,False,True,False,False,False,False,True,False,False,False,False,False,True,False,False,False,False,False,False,False,False,False,True,False,False
0.9384897146265716,0.057168404422523175,0.3897396147271445,-0.14220449261062654,0.7781557109967071,-0.5926986484652568,-0.2126360844989386,0.14913269430901213,0.2624476230635522,-0.6465530277621856,-0.4004904130213847,0.2802350567101724,False,True,True,False,False,True,False,False,True,False,False,False,False,False,True,False,False,False,False,False,True,False,False,False,False,False,False,False,False,False,True,False,False
1.7434704321932961,0.057168404422523175,0.48600292350454233,-0.14220449261062654,0.7781557109967071,-0.5926986484652568,-0.2883489098618655,1.4166369369851088,0.7878554622044521,-0.9530116883199847,-0.6916270607851575,0.61150450169082,False,True,True,False,True,False,False,False,False,True,False,False,False,False,True,False,False,False,False,False,True,False,False,False,False,False,False,False,False,False,True,False,False
0.9384897146265716,0.057168404422523175,0.5610883043509126,-0.14220449261062654,0.7781557109967071,-0.5926986484652568,-0.2883489098618655,1.4166369369851088,0.7878554622044521,-0.9530116883199847,-0.6916270607851575,0.670480501365405,False,True,False,True,False,True,False,False,True,False,False,True,False,False,False,False,False,False,False,False,True,False,False,False,False,False,False,False,False,False,True,False,False
0.9384897146265716,-0.8417722730737214,-0.9733488375608079,-0.7199469398808848,1.074252083626544,-2.862293183695942,-0.2883489098618655,-0.8902207846853871,-0.4731233517337077,0.8857402750268095,0.7640561780337061,-1.0237619403500133,False,True,False,True,True,False,False,False,False,True,False,True,False,False,False,False,False,False,False,False,True,False,False,False,False,False,False,False,False,False,True,False,False
0.9384897146265716,-0.8417722730737214,-0.838580205272451,-0.45514831821534973,1.074252083626544,-1.967241817689474,-0.36406173522479246,-0.7888204452712995,-1.5239390300155076,0.11959362363231192,0.03621455862427433,-0.7809564948812432,False,True,True,False,False,True,False,False,True,False,False,False,False,False,False,True,False,False,False,False,True,False,False,False,False,False,True,False,False,False,False,False,False
0.9384897146265716,-0.9083604714067776,-0.6075482642066964,-0.45514831821534973,1.074252083626544,-1.967241817689474,-0.36406173522479246,-0.7888204452712995,-1.5239390300155076,0.11959362363231192,0.03621455862427433,-0.7119420271769417,False,True,True,False,False,True,False,False,True,False,False,False,False,False,False,True,False,False,False,False,True,False,False,False,False,False,True,False,False,False,False,False,False
-0.6714717205068775,-0.25912553765948787,-0.7904485508837522,-0.45514831821534973,1.074252083626544,-1.967241817689474,-0.16216086759032092,-0.5606696815896021,-0.6832864873900676,1.038969605305709,0.9096245019155924,-0.7717963928041268,False,True,True,False,False,True,False,False,True,False,False,False,False,False,False,True,False,False,False,False,True,False,False,False,False,False,True,False,False,False,False,False,False
-0.6714717205068775,-0.25912553765948787,-0.7038115729840941,-0.45514831821534973,1.074252083626544,-1.967241817689474,-0.16216086759032092,-0.5606696815896021,-1.5239390300155076,0.42605228419011093,0.32735120638804704,-0.690359320913051,False,True,True,False,True,False,False,False,False,True,False,False,False,False,False,True,False,False,False,False,True,False,False,False,False,False,True,False,False,False,False,False,False
-0.6714717205068775,-0.25912553765948787,-0.4150216466519009,-0.45514831821534973,1.074252083626544,-1.967241817689474,-0.2883489098618655,-0.2564686633473388,0.1573660552353722,0.11959362363231192,0.18178288250616068,-0.41618366285141645,False,True,True,False,True,False,False,False,False,True,False,False,False,False,False,True,False,False,False,False,True,False,False,False,False,False,True,False,False,False,False,False,False
-0.6714717205068775,-0.29241963682601596,-0.32838466875224287,-0.45514831821534973,1.074252083626544,-1.967241817689474,-0.2883489098618655,-0.5606696815896021,-0.6832864873900676,-0.18686503692548712,-0.8371953846670438,-0.507408241071466,False,True,True,False,True,False,False,False,False,True,False,False,False,False,False,True,False,False,False,False,True,False,False,False,False,False,False,False,False,False,True,False,False
-0.6714717205068775,-0.29241963682601596,-0.08772639680874843,-0.45514831821534973,1.074252083626544,-1.967241817689474,-0.6164378197678815,0.17448277916253407,-0.6832864873900676,-0.18686503692548712,-0.2549220891394984,-0.2531840382188932,False,True,True,False,True,False,False,False,False,True,False,False,False,False,False,True,False,False,False,False,True,False,False,False,False,False,True,False,False,False,False,False,False
-0.6714717205068775,-0.29241963682601596,-0.5112849554292986,-0.45514831821534973,1.074252083626544,-1.967241817689474,-0.2883489098618655,-0.5606696815896021,-0.6832864873900676,0.42605228419011093,0.18178288250616068,-0.7295093462289457,False,True,False,True,True,False,False,False,False,True,False,False,False,False,False,True,False,False,False,False,True,False,False,False,False,False,False,False,False,False,True,False,False
-0.6714717205068775,-0.29241963682601596,-0.19361603646388598,-0.45514831821534973,1.074252083626544,-1.967241817689474,-0.2883489098618655,-0.2564686633473388,0.1573660552353722,-0.03363570664658759,0.03621455862427433,-0.38631922046300954,False,True,True,False,True,False,False,False,False,False,True,False,False,False,False,True,False,False,False,False,True,False,False,False,False,False,True,False,False,False,False,False,False
-0.6714717205068775,-0.30906668640927887,-0.2610003526080644,-0.45514831821534973,1.074252083626544,-1.967241817689474,-0.2883489098618655,-0.5606696815896021,-0.6832864873900676,-0.3400943672043866,-0.2549220891394984,-0.6604948785246441,False,True,True,False,True,False,False,False,False,False,True,False,False,False,False,True,False,False,False,False,True,False,False,False,False,False,False,False,False,False,True,False,False
-0.6714717205068775,-0.30906668640927887,0.18181086776796535,-0.45514831821534973,1.074252083626544,-1.967241817689474,-0.6164378197678815,0.17448277916253407,-0.6832864873900676,-0.3400943672043866,-1.1283320324308166,-0.19859986830730922,False,True,True,False,True,False,False,False,False,False,True,False,False,False,False,True,False,False,False,False,True,False,False,False,False,False,True,False,False,False,False,False,False
0.13350899705984703,-0.5088312814084451,-1.0984911389714251,-0.8403099497288552,-1.0354345713610429,-0.7205631293233238,-0.2883489098618655,-1.0676713786600407,-0.6832864873900676,1.4986575961424076,1.200761149679365,-0.9949013447645781,False,True,False,True,True,False,False,False,False,False,True,False,False,False,False,True,False,False,False,False,True,False,False,False,False,False,False,False,False,False,True,False,False
0.13350899705984703,-0.5088312814084451,-0.9926014993162875,-0.8403099497288552,-1.0354345713610429,-0.7205631293233238,-0.2883489098618655,-1.0676713786600407,-0.6832864873900676,0.8857402750268095,1.0551928257974788,-0.8706753028968353,False,True,True,False,False,True,False,False,True,False,False,False,False,False,True,False,False,False,False,False,True,False,False,False,False,False,True,False,False,False,False,False,False
0.13350899705984703,-0.5088312814084451,-1.0407331537049864,-0.8403099497288552,-1.0354345713610429,-0.7205631293233238,-0.2883489098618655,-1.0676713786600407,-0.6832864873900676,0.8857402750268095,1.0551928257974788,-0.8518531753411167,False,True,True,False,False,True,False,False,True,False,False,False,False,False,True,False,False,False,False,False,True,False,False,False,False,False,True,False,False,False,False,False,False
-0.6714717205068775,-0.5088312814084451,-0.5305376171847782,-0.8403099497288552,-1.0354345713610429,-0.7205631293233238,-0.2883489098618655,-1.0676713786600407,-0.6832864873900676,0.8857402750268095,0.9096245019155924,-0.79789640968139,False,True,True,False,True,False,False,False,True,False,False,False,False,False,True,False,False,False,False,False,True,False,False,False,False,False,True,False,False,False,False,False,False
-0.6714717205068775,-0.5088312814084451,-0.5112849554292986,-0.8403099497288552,-1.0354345713610429,-0.7205631293233238,-0.2883489098618655,-1.0676713786600407,-0.6832864873900676,0.2728229539112114,0.18178288250616068,-0.6749251763173617,False,True,True,False,True,False,False,False,False,False,True,False,False,False,True,False,False,False,False,False,True,False,False,False,False,False,True,False,False,False,False,False,False
-0.6714717205068775,-0.5088312814084451,1.067433308520025,-0.8403099497288552,-1.0354345713610429,-0.7205631293233238,-0.2883489098618655,-1.0676713786600407,-0.6832864873900676,0.2728229539112114,0.18178288250616068,-0.5645020279904791,False,True,True,False,True,False,False,False,False,False,True,False,False,False,True,False,False,False,False,False,True,False,False,False,False,False,True,False,False,False,False,False,False
-0.6714717205068775,-0.5088312814084451,-0.9136655861188213,-0.6958743379112906,-0.5172659192588284,-0.7205631293233238,-0.2883489098618655,-0.8648706998318653,-0.6832864873900676,0.73251094474791,0.9096245019155924,-0.7953867926739608,False,True,True,False,True,False,False,False,False,False,True,False,False,False,True,False,False,False,False,False,True,False,False,False,False,False,True,False,False,False,False,False,False
-0.6714717205068775,-0.5088312814084451,-0.8597581332034786,-0.6958743379112906,-0.5172659192588284,-0.7205631293233238,-0.2883489098618655,-0.8648706998318653,-0.6832864873900676,0.73251094474791,0.9096245019155924,-0.7627617715773819,False,True,True,False,True,False,False,False,False,True,False,False,False,False,True,False,False,False,False,False,True,False,False,False,False,False,True,False,False,False,False,False,False
-0.6714717205068775,-0.5088312814084451,-0.540163948062518,-0.40700311427616154,-0.22116954662899155,0.30235271754121157,3.1187282314698392,-1.2197718877811723,-1.3137758943591475,1.345428265863508,0.7640561780337061,-0.6749251763173617,False,True,True,False,True,False,False,False,True,False,False,False,False,False,True,False,False,False,False,False,True,False,False,False,False,False,True,False,False,False,False,False,False
-0.6714717205068775,-0.5088312814084451,-0.540163948062518,-0.40700311427616154,-0.22116954662899155,0.30235271754121157,3.1187282314698392,-1.2197718877811723,-1.3137758943591475,1.958345586979106,2.365307740734456,-0.688728069858222,True,False,True,False,True,False,False,False,False,True,False,False,False,False,True,False,False,False,False,False,True,False,False,False,False,False,False,False,True,False,False,False,False
-0.6714717205068775,-0.5088312814084451,-0.888637125836698,-0.6958743379112906,-0.5172659192588284,-0.7205631293233238,-0.2883489098618655,-0.8648706998318653,-0.6832864873900676,1.958345586979106,2.365307740734456,-0.6950021123767949,True,False,True,False,True,False,False,False,True,False,False,False,False,False,True,False,False,False,False,False,True,False,False,False,False,False,False,False,True,False,False,False,False
-0.6714717205068775,-0.5088312814084451,-0.8347296729213551,-0.6958743379112906,-0.5172659192588284,-0.7205631293233238,-0.2883489098618655,-0.8648706998318653,-0.6832864873900676,0.42605228419011093,0.4729195302699334,-0.6172039851464912,False,True,True,False,True,False,False,False,False,True,False,False,False,False,True,False,False,False,False,False,True,False,False,False,False,False,True,False,False,False,False,False,False
-0.6714717205068775,-0.5088312814084451,-0.800074881761492,-0.6958743379112906,-0.5172659192588284,-0.7205631293233238,-0.2883489098618655,-0.8648706998318653,-0.6832864873900676,0.42605228419011093,0.4729195302699334,-0.5042712198121796,False,True,True,False,True,False,False,False,True,False,False,False,False,False,True,False,False,False,False,False,True,False,False,False,False,False,True,False,False,False,False,False,False
0.13350899705984703,-0.7085958764076113,-0.7442421626706013,-0.6958743379112906,-0.5172659192588284,-0.7205631293233238,-0.2883489098618655,-0.8648706998318653,-0.6832864873900676,0.5792816144690105,0.4729195302699334,-0.6548482402579284,False,True,True,False,True,False,False,False,False,True,False,False,False,False,True,False,False,False,False,False,True,False,False,False,False,False,True,False,False,False,False,False,False
0.13350899705984703,-0.7085958764076113,-0.6768578465264228,-0.6958743379112906,-0.5172659192588284,-0.7205631293233238,-0.2883489098618655,-0.8648706998318653,-0.6832864873900676,0.5792816144690105,0.4729195302699334,-0.6322616871910661,False,True,True,False,False,True,False,False,False,True,False,False,False,False,True,False,False,False,False,False,True,False,False,False,False,False,True,False,False,False,False,False,False
0.13350899705984703,-0.7085958764076113,-0.5594166098179976,-0.6958743379112906,-0.33220568636517955,-0.5607325282507394,-0.18739847604462975,0.19983286401605602,3.099649954424412,0.11959362363231192,-0.2549220891394984,-0.4992519857973213,False,True,True,False,False,True,False,False,True,False,False,False,False,False,True,False,False,False,False,False,True,False,False,False,False,False,True,False,False,False,False,False,False
0.13350899705984703,-0.7085958764076113,-0.49203229367381907,-0.6958743379112906,-0.33220568636517955,-0.5607325282507394,-0.18739847604462975,0.19983286401605602,3.099649954424412,0.11959362363231192,-0.2549220891394984,-0.46913658170817146,False,True,True,False,False,True,False,False,False,True,False,True,False,False,False,False,False,False,False,False,True,False,False,False,False,False,False,False,False,False,True,False,False
0.9384897146265716,-0.05936094266032163,-0.029968411542309767,0.4596105566292258,1.074252083626544,0.7818445207589618,-0.2126360844989386,0.30123320343014376,-0.6832864873900676,-0.18686503692548712,-0.10935376525761202,-0.6057852277626886,False,True,True,False,False,True,False,False,True,False,False,True,False,False,False,False,False,False,False,False,True,False,False,False,False,False,False,False,False,False,True,False,False
0.9384897146265716,-0.05936094266032163,-0.037669476244501586,0.4596105566292258,1.074252083626544,0.7818445207589618,-0.2126360844989386,0.30123320343014376,-0.6832864873900676,-0.18686503692548712,-0.10935376525761202,-0.45646301582065424,False,True,True,False,False,True,False,True,False,False,False,False,False,False,True,False,False,False,False,False,True,False,False,False,False,False,False,False,False,False,True,False,False
0.9384897146265716,-0.05936094266032163,-0.008790483611282257,0.4596105566292258,1.074252083626544,0.7818445207589618,-0.2126360844989386,0.30123320343014376,-0.6832864873900676,-0.18686503692548712,-0.10935376525761202,-0.41254471819064414,False,True,True,False,False,True,False,True,False,False,False,False,False,False,True,False,False,False,False,False,True,False,False,False,False,False,False,False,False,False,True,False,False
0.9384897146265716,-0.05936094266032163,0.23764358685885603,0.4596105566292258,1.074252083626544,0.7818445207589618,-0.2126360844989386,0.30123320343014376,-0.6832864873900676,-0.18686503692548712,-0.10935376525761202,-0.26071288924118063,False,True,True,False,False,True,False,False,True,False,False,False,False,False,True,False,False,False,False,False,True,False,False,False,False,False,False,False,False,False,True,False,False
0.9384897146265716,-0.05936094266032163,0.3050279030030345,0.4596105566292258,1.074252083626544,0.7818445207589618,-0.2126360844989386,0.30123320343014376,-0.6832864873900676,-0.18686503692548712,-0.10935376525761202,-0.21679459161117054,False,True,True,False,False,True,False,True,False,False,False,False,False,False,True,False,False,False,False,False,True,False,False,False,False,False,False,False,False,False,True,False,False
0.9384897146265716,-0.05936094266032163,0.8075223748210508,0.4596105566292258,1.074252083626544,0.7818445207589618,-0.2126360844989386,0.30123320343014376,-0.6832864873900676,-0.18686503692548712,-0.10935376525761202,0.551148212662149,False,True,True,False,False,True,False,False,True,False,False,False,False,False,True,False,False,False,False,False,True,False,False,False,False,False,False,False,False,False,True,False,False
-1.476452438073602,0.6065210406702309,-0.44197537310957224,-0.11813189064103245,-0.07312136031407311,0.9097090016170287,-0.36406173522479246,-0.3071688330543827,-1.9442653013282274,0.5792816144690105,0.4729195302699334,-0.5431702834273313,False,True,True,False,False,True,True,False,False,False,False,False,False,False,True,False,False,False,False,False,True,False,False,False,False,False,False,False,False,False,True,False,False
-1.476452438073602,0.6065210406702309,-0.1454843820751871,-0.40700311427616154,-0.22116954662899155,0.30235271754121157,3.1187282314698392,-0.7888204452712995,-1.3137758943591475,0.73251094474791,0.32735120638804704,-0.32357879527728084,False,True,True,False,True,False,False,False,False,True,False,False,False,False,True,False,False,False,False,False,True,False,False,False,False,False,False,False,False,False,True,False,False
-1.476452438073602,0.6065210406702309,-0.27255194966135216,-0.11813189064103245,-0.07312136031407311,0.9097090016170287,-0.36406173522479246,-0.3071688330543827,-1.9442653013282274,0.2728229539112114,0.18178288250616068,-0.4126701990410156,True,False,False,True,True,False,False,False,False,True,False,False,False,False,True,False,False,False,False,False,True,False,False,False,False,False,False,False,True,False,False,False,False
-1.476452438073602,0.6065210406702309,-0.27255194966135216,-0.11813189064103245,-0.07312136031407311,0.9097090016170287,-0.36406173522479246,-0.3071688330543827,-1.9442653013282274,0.2728229539112114,0.18178288250616068,-0.29848262520298935,False,True,True,False,True,False,False,False,True,False,False,False,False,False,True,False,False,False,False,False,True,False,False,False,False,False,False,False,False,False,True,False,False
-1.476452438073602,0.6065210406702309,-0.1878402379372421,-0.11813189064103245,-0.07312136031407311,0.9097090016170287,-0.36406173522479246,-0.3071688330543827,-1.9442653013282274,0.2728229539112114,0.18178288250616068,-0.25456432757297925,False,True,True,False,True,False,False,False,False,True,False,False,False,False,True,False,False,False,False,False,True,False,False,False,False,False,False,False,False,False,True,False,False
1.7434704321932961,0.68975628858655,0.8094476409965988,1.061425605869078,-0.22116954662899155,0.30235271754121157,-0.2126360844989386,1.4419870218386308,0.1573660552353722,-0.7997823580410852,-0.9827637085489301,0.4117389878994598,False,True,True,False,True,False,False,False,True,False,False,False,False,False,True,False,False,False,False,False,True,False,False,False,False,False,False,False,False,False,True,False,False
1.7434704321932961,0.68975628858655,0.886458288018517,1.061425605869078,-0.22116954662899155,0.30235271754121157,-0.2126360844989386,1.4419870218386308,0.1573660552353722,-0.9530116883199847,-0.9827637085489301,0.34146971169144363,False,True,True,False,False,True,False,False,True,False,False,True,False,False,False,False,False,False,False,False,False,True,False,False,False,False,False,False,False,False,True,False,False
-1.476452438073602,0.9561090819187701,1.1078638982065319,1.061425605869078,-0.22116954662899155,0.30235271754121157,-0.23787369295324787,1.3152365975710212,0.1573660552353722,-0.7997823580410852,-0.9827637085489301,0.30282160977703476,False,True,True,False,False,True,False,False,True,False,False,True,False,False,False,False,False,False,False,False,False,True,False,False,False,False,False,False,False,False,True,False,False
-1.476452438073602,0.9561090819187701,1.146369221717491,0.8206995861731371,-0.22116954662899155,0.30235271754121157,-0.23787369295324787,1.3152365975710212,0.1573660552353722,-0.9530116883199847,-0.9827637085489301,0.3103504607993222,False,True,True,False,True,False,False,False,False,True,False,True,False,False,False,False,False,False,False,False,False,True,False,False,False,False,False,False,False,False,True,False,False
0.9384897146265716,-0.24247848807622502,-0.5671176745201894,-0.7199469398808848,-1.1834827576759614,0.4621833186137945,3.2449162737413837,-1.32117222719526,-0.6832864873900676,1.8051162567002066,2.2197394168525695,-0.690359320913051,False,True,True,False,True,False,False,False,False,False,True,True,False,False,False,False,False,False,False,False,False,True,False,False,False,False,False,False,False,False,True,False,False
0.9384897146265716,-0.24247848807622502,-0.667231515648683,-0.43107571624575564,-0.5172659192588284,0.4621833186137945,-0.2883489098618655,-0.4846194270290362,0.2624476230635522,0.2728229539112114,0.4729195302699334,-0.6652631508387594,True,False,True,False,False,True,False,False,False,True,False,False,False,False,True,False,False,False,False,False,True,False,False,False,False,False,False,False,True,False,False,False,False
0.9384897146265716,-0.24247848807622502,-0.5613418759935455,-0.7199469398808848,-1.1834827576759614,0.4621833186137945,3.2449162737413837,-1.32117222719526,-0.6832864873900676,1.8051162567002066,2.2197394168525695,-0.6627535338313303,False,True,True,False,False,True,False,False,False,True,False,False,False,False,True,False,False,False,False,False,True,False,False,False,False,False,False,False,False,False,True,False,False
0.9384897146265716,-0.24247848807622502,-0.6614557171220392,-0.43107571624575564,-0.5172659192588284,0.4621833186137945,-0.2883489098618655,-0.4846194270290362,0.2624476230635522,0.2728229539112114,0.4729195302699334,-0.6376573637570389,True,False,True,False,True,False,False,False,False,True,False,False,False,False,True,False,False,False,False,False,True,False,False,False,False,False,False,False,True,False,False,False,False
0.9384897146265716,-0.24247848807622502,-0.540163948062518,-0.43107571624575564,-0.5172659192588284,0.4621833186137945,-0.2883489098618655,-0.4846194270290362,0.2624476230635522,0.2728229539112114,0.4729195302699334,-0.6000131086456015,False,True,True,False,True,False,False,False,False,True,False,False,False,False,True,False,False,False,False,False,True,False,False,False,False,False,False,False,False,False,True,False,False
0.9384897146265716,-0.24247848807622502,-0.4554522363384079,-0.7199469398808848,-1.1834827576759614,0.4621833186137945,3.2449162737413837,-0.9155708695389091,-1.3137758943591475,1.8051162567002066,1.6374661213250241,-0.47453225827414414,False,True,True,False,True,False,False,False,False,True,False,False,False,False,True,False,False,False,False,False,True,False,False,False,False,False,False,False,False,False,True,False,False
0.9384897146265716,-0.24247848807622502,-0.49203229367381907,-0.43107571624575564,-0.5172659192588284,0.4621833186137945,-0.035972825318776304,-0.1043681542262072,0.7878554622044521,0.11959362363231192,0.18178288250616068,-0.4117918330884154,True,False,False,True,True,False,False,False,False,True,False,False,False,False,True,False,False,False,False,False,True,False,False,False,False,False,False,False,True,False,False,False,False
1.7434704321932961,-0.7085958764076113,-0.580594537749025,-0.43107571624575564,-0.5172659192588284,0.4621833186137945,-0.41453695213341013,-0.3578690027614265,0.7878554622044521,-0.18686503692548712,-0.2549220891394984,-0.21102247249408349,False,True,True,False,True,False,False,False,False,True,False,False,False,False,True,False,False,False,False,False,True,False,False,False,False,False,False,False,False,False,True,False,False
1.7434704321932961,-0.7085958764076113,-0.6441283215421075,-0.43107571624575564,-0.5172659192588284,0.4621833186137945,-0.41453695213341013,-0.3578690027614265,0.7878554622044521,-0.18686503692548712,-0.2549220891394984,-0.41367404584398726,False,True,True,False,False,True,True,False,False,False,False,False,False,False,True,False,False,False,False,False,True,False,False,False,False,False,False,False,False,False,True,False,False
-0.6714717205068775,0.27358004900495464,0.20298879569899284,0.21888453693328483,-0.5172659192588284,0.4621833186137945,-0.41453695213341013,0.14913269430901213,0.7878554622044521,-0.9530116883199847,-0.9827637085489301,0.002294973137394159,False,True,True,False,False,True,False,False,True,False,False,False,False,False,True,False,False,False,False,False,True,False,False,False,False,False,False,False,False,False,True,False,False
-0.6714717205068775,0.27358004900495464,0.0451169693040605,-0.7199469398808848,-1.1834827576759614,0.4621833186137945,3.2449162737413837,-0.9155708695389091,-1.3137758943591475,1.1921989355846085,1.0551928257974788,0.07130944084169576,False,True,True,False,True,False,False,False,False,True,False,False,False,False,True,False,False,False,False,True,False,False,False,False,False,False,False,False,False,False,True,False,False
-0.6714717205068775,0.27358004900495464,0.014312710495293209,-0.43107571624575564,-0.5172659192588284,0.4621833186137945,-0.2883489098618655,-0.4085691724684704,0.7878554622044521,-0.03363570664658759,0.03621455862427433,-0.12381328148592058,True,False,False,True,True,False,False,False,False,True,False,False,False,False,True,False,False,False,False,False,True,False,False,False,False,False,False,False,True,False,False,False,False
-2.2814331556403267,0.9228149827522419,0.6862306057615297,0.3392475467812553,1.6664448288862161,-0.336969686749123,-0.16216086759032092,0.2505330337230999,0.5776923265480921,-0.3400943672043866,-0.4004904130213847,-0.042250728744473234,False,True,True,False,True,False,False,False,False,False,True,False,False,False,True,False,False,False,False,False,True,False,False,False,False,False,False,False,False,False,True,False,False
-1.476452438073602,0.9228149827522419,0.9211130791783803,0.3392475467812553,1.6664448288862161,-0.336969686749123,-0.16216086759032092,0.2505330337230999,0.5776923265480921,-0.3400943672043866,-0.4004904130213847,0.017352675181969052,False,True,True,False,True,False,False,False,False,True,False,False,False,False,True,False,False,False,False,False,True,False,False,False,False,False,False,False,False,False,True,False,False
-2.2814331556403267,0.9228149827522419,0.7305117277991326,0.3392475467812553,1.6664448288862161,-0.336969686749123,-0.16216086759032092,0.2505330337230999,0.5776923265480921,-0.18686503692548712,-0.4004904130213847,0.3398384606366147,False,True,True,False,True,False,False,False,False,False,True,False,False,False,True,False,False,False,False,False,True,False,False,False,False,False,False,False,False,False,True,False,False
-1.476452438073602,0.9228149827522419,0.9365152085827639,0.3392475467812553,1.6664448288862161,-0.336969686749123,-0.16216086759032092,0.2505330337230999,0.5776923265480921,-0.18686503692548712,-0.4004904130213847,0.4063433113334871,False,True,True,False,True,False,False,False,False,True,False,False,False,False,True,False,False,False,False,False,True,False,False,False,False,False,False,False,False,False,True,False,False
-2.2814331556403267,0.9228149827522419,0.9422910071094077,0.0744489251157203,1.074252083626544,-0.336969686749123,-0.6669130366764994,1.4673371066921528,-0.052797080420987755,-1.2594703488777836,-1.273900356312703,0.6453843312911136,False,True,True,False,True,False,False,False,False,False,True,False,False,False,True,False,False,False,False,False,True,False,False,False,False,False,False,False,False,False,True,False,False
-1.476452438073602,0.9228149827522419,1.1579208187707788,0.0744489251157203,1.074252083626544,-0.336969686749123,-0.6669130366764994,1.4673371066921528,-0.052797080420987755,-1.2594703488777836,-1.273900356312703,0.711889181987986,False,True,False,True,True,False,False,False,False,True,False,False,False,False,True,False,False,False,False,False,True,False,False,False,False,False,False,False,False,False,True,False,False
-1.476452438073602,1.7218733627489047,0.7632412527834479,0.3392475467812553,1.6664448288862161,-0.336969686749123,-0.16216086759032092,0.2505330337230999,0.5776923265480921,-0.3400943672043866,-0.4004904130213847,0.4477519919560681,False,True,False,True,True,False,False,False,False,False,True,False,False,False,True,False,False,False,False,False,True,False,False,False,False,False,False,False,False,False,True,False,False
-1.476452438073602,1.7218733627489047,0.9499920718115996,0.3392475467812553,1.6664448288862161,-0.336969686749123,-0.36406173522479246,1.4166369369851088,0.36752919089173214,-0.9530116883199847,-0.8371953846670438,0.7238098627732744,False,True,True,False,True,False,False,False,False,True,False,False,False,False,True,False,False,False,False,False,True,False,False,False,False,False,False,False,False,False,True,False,False
-1.476452438073602,1.7218733627489047,0.8787572233163252,1.1095708098082662,0.9262038973116256,-1.23202105275559,-0.3388241267704832,0.7575347307935386,0.7878554622044521,-1.1062410185988842,-1.1283320324308166,1.0299831376796307,False,True,False,True,True,False,False,False,False,True,False,False,False,False,True,False,False,False,False,False,True,False,False,False,False,False,False,False,False,False,True,False,False
-1.476452438073602,1.7218733627489047,1.273436789303656,0.4355379546596317,-1.1834827576759614,0.4621833186137945,3.2449162737413837,0.0477323548949244,-0.6832864873900676,0.11959362363231192,-0.5460587369032711,1.1535817752955162,False,True,True,False,True,False,False,False,False,True,False,False,False,False,False,False,True,False,False,False,False,True,False,False,False,False,False,False,False,False,True,False,False
-1.476452438073602,1.7218733627489047,0.975020532093723,0.3392475467812553,1.6664448288862161,-0.336969686749123,-0.16216086759032092,0.2505330337230999,0.5776923265480921,-0.9530116883199847,-0.8371953846670438,1.1730313071030922,True,False,False,True,True,False,False,False,False,True,False,False,False,False,True,False,False,False,False,False,False,True,False,False,False,False,False,False,True,False,False,False,False
,,,,,,,,,,,,False,True,False,True,True,False,False,False,False,True,False,False,False,False,True,False,False,False,False,False,True,False,False,False,False,False,False,False,False,False,True,False,False
